City_ID,City,Country,Date,Lat,Lng,Max Temp,Humidity,Cloudiness,Wind Speed
0,San Fernando,PH,2021-11-01 00:30:55,15.0286,120.6898,81.14,68,45,10.27
1,Ixtapa,MX,2021-11-01 00:30:55,20.7,-105.2,75.6,90,3,0.83
2,Aklavik,CA,2021-11-01 00:30:01,68.2191,-135.0107,34.52,87,100,9.8
3,Shingu,JP,2021-11-01 00:30:57,33.7333,135.9833,67.19,64,47,3.91
4,Abu Kamal,SY,2021-11-01 00:30:57,34.4506,40.9171,70.09,58,100,8.12
5,Pevek,RU,2021-11-01 00:25:48,69.7008,170.3133,1.26,94,100,6.22
6,Ribeira Grande,PT,2021-11-01 00:30:58,38.5167,-28.7,71.2,88,100,7.38
7,Butaritari,KI,2021-11-01 00:30:58,3.0707,172.7902,81.81,76,1,11.54
8,Aldan,RU,2021-11-01 00:30:59,58.6031,125.3894,23.68,87,94,4.74
9,Cascais,PT,2021-11-01 00:30:59,38.6979,-9.4215,71.62,85,96,5.99
10,Port Alfred,ZA,2021-11-01 00:31:00,-33.5906,26.891,66.06,81,100,15.08
11,Alamogordo,US,2021-11-01 00:26:12,32.8995,-105.9603,72.41,28,1,5.75
12,Kikwit,CD,2021-11-01 00:31:01,-5.041,18.8162,68.65,99,100,0.45
13,Nizhniy Kuranakh,RU,2021-11-01 00:31:01,58.8353,125.4869,26.91,84,96,2.98
14,Leningradskiy,RU,2021-11-01 00:29:18,69.3833,178.4167,-1.77,87,99,12.8
15,Coquimbo,CL,2021-11-01 00:31:02,-29.9533,-71.3436,58.73,82,75,6.91
16,Husavik,IS,2021-11-01 00:26:05,66.0449,-17.3389,33.71,99,100,20.09
17,Mataura,NZ,2021-11-01 00:31:03,-46.1927,168.8643,61.63,49,100,10.96
18,Fare,PF,2021-11-01 00:31:03,-16.7,-151.0167,78.91,73,96,16.44
19,Barrow,US,2021-11-01 00:25:21,71.2906,-156.7887,26.62,93,90,16.11
20,Ushuaia,AR,2021-11-01 00:29:59,-54.8,-68.3,46.06,71,0,6.91
21,Bluff,NZ,2021-11-01 00:31:04,-46.6,168.3333,54.3,75,100,29.24
22,Bathsheba,BB,2021-11-01 00:31:05,13.2167,-59.5167,77.61,83,75,16.11
23,Bredasdorp,ZA,2021-11-01 00:31:05,-34.5322,20.0403,61.92,72,100,5.75
24,Geraldton,AU,2021-11-01 00:31:06,-28.7667,114.6,66.61,59,75,18.41
25,Ilulissat,GL,2021-11-01 00:31:06,69.2167,-51.1,32.02,93,75,13.8
26,Hobart,AU,2021-11-01 00:29:47,-42.8794,147.3294,63.01,56,75,3.0
27,Kieta,PG,2021-11-01 00:31:07,-6.2167,155.6333,83.71,73,100,3.76
28,New Norfolk,AU,2021-11-01 00:29:58,-42.7826,147.0587,62.65,50,100,3.0
29,Santa Fe,AR,2021-11-01 00:28:42,-31.6333,-60.7,83.01,50,81,5.99
30,Hermanus,ZA,2021-11-01 00:31:07,-34.4187,19.2345,61.9,81,100,10.8
31,East London,ZA,2021-11-01 00:31:08,-33.0153,27.9116,64.98,83,100,13.78
32,Mount Isa,AU,2021-11-01 00:31:08,-20.7333,139.5,89.37,33,9,14.97
33,Saint-Pierre,RE,2021-11-01 00:31:09,-21.3393,55.4781,68.29,73,0,6.91
34,Nome,US,2021-11-01 00:31:09,64.5011,-165.4064,26.67,63,1,8.05
35,Taksimo,RU,2021-11-01 00:31:10,56.3444,114.8794,22.77,71,17,0.87
36,Saint Anthony,US,2021-11-01 00:31:10,45.0205,-93.218,42.82,57,90,1.99
37,Thompson,CA,2021-11-01 00:31:11,55.7435,-97.8558,28.56,93,75,4.61
38,Santa Isabel Do Rio Negro,BR,2021-11-01 00:31:11,-0.4139,-65.0192,75.87,92,83,2.24
39,Cabo San Lucas,MX,2021-11-01 00:29:42,22.8909,-109.9124,83.61,74,40,7.0
40,Port Elizabeth,ZA,2021-11-01 00:27:07,-33.918,25.5701,64.09,94,75,14.97
41,Arona,ES,2021-11-01 00:31:13,28.0996,-16.681,66.74,76,0,11.5
42,Rikitea,PF,2021-11-01 00:31:13,-23.1203,-134.9692,73.08,78,100,17.69
43,Poum,NC,2021-11-01 00:31:14,-20.2333,164.0167,75.69,70,0,18.39
44,Punta Arenas,CL,2021-11-01 00:30:02,-53.15,-70.9167,51.91,50,0,16.11
45,Jamestown,US,2021-11-01 00:31:14,42.097,-79.2353,52.52,85,75,10.0
46,Camalu,MX,2021-11-01 00:31:15,30.85,-116.0667,65.43,77,1,6.46
47,Busselton,AU,2021-11-01 00:31:15,-33.65,115.3333,58.05,62,94,18.41
48,Vaini,TO,2021-11-01 00:29:53,-21.2,-175.2,82.56,78,75,10.36
49,Dunedin,NZ,2021-11-01 00:31:16,-45.8742,170.5036,60.55,52,16,3.29
50,San Carlos,VE,2021-11-01 00:31:17,9.6612,-68.5827,73.17,93,70,2.89
51,Albany,US,2021-11-01 00:28:06,42.6001,-73.9662,55.74,80,100,10.04
52,Koumac,NC,2021-11-01 00:31:17,-20.5667,164.2833,78.6,60,0,12.97
53,Narsaq,GL,2021-11-01 00:26:35,60.9167,-46.05,26.82,66,59,7.76
54,Ust-Tsilma,RU,2021-11-01 00:31:18,65.441,52.1498,7.09,98,73,3.53
55,Muros,ES,2021-11-01 00:31:18,42.7762,-9.0603,58.15,93,58,11.59
56,San Policarpo,PH,2021-11-01 00:31:19,12.1791,125.5072,82.56,78,74,15.26
57,Otradnoye,RU,2021-11-01 00:31:19,59.7775,30.8181,48.18,87,98,7.05
58,Meulaboh,ID,2021-11-01 00:31:20,4.1363,96.1285,77.38,84,100,3.31
59,Longyearbyen,SJ,2021-11-01 00:31:21,78.2186,15.6401,31.84,80,40,20.71
60,Upernavik,GL,2021-11-01 00:27:34,72.7868,-56.1549,28.99,81,100,13.65
61,Sao Filipe,CV,2021-11-01 00:31:21,14.8961,-24.4956,79.39,78,99,6.46
62,San Patricio,US,2021-11-01 00:31:22,28.017,-97.5169,78.89,58,0,9.28
63,Vreden,DE,2021-11-01 00:30:21,52.0379,6.828,51.85,79,9,5.99
64,Lebu,CL,2021-11-01 00:31:22,-37.6167,-73.65,50.92,93,17,5.99
65,Hudiksvall,SE,2021-11-01 00:31:23,61.729,17.1036,41.92,92,100,3.76
66,Sangar,RU,2021-11-01 00:31:23,63.9242,127.4739,7.39,92,100,7.54
67,Qaanaaq,GL,2021-11-01 00:31:24,77.484,-69.3632,16.7,71,100,8.72
68,Hofn,IS,2021-11-01 00:28:24,64.2539,-15.2082,39.83,60,100,23.76
69,Yellowknife,CA,2021-11-01 00:26:55,62.456,-114.3525,32.56,96,75,13.8
70,Uttiramerur,IN,2021-11-01 00:31:25,12.6,79.7667,78.24,95,100,8.52
71,Puerto Ayora,EC,2021-11-01 00:31:25,-0.7393,-90.3518,69.6,90,44,7.31
72,Vaitape,PF,2021-11-01 00:31:26,-16.5167,-151.75,78.76,74,97,16.98
73,Huarmey,PE,2021-11-01 00:31:26,-10.0681,-78.1522,65.16,81,8,8.1
74,Bandarbeyla,SO,2021-11-01 00:31:27,9.4942,50.8122,77.7,77,88,10.67
75,Victoria,HK,2021-11-01 00:31:27,22.2855,114.1577,78.24,83,37,1.99
76,Along,IN,2021-11-01 00:31:28,28.1667,94.7667,60.78,86,2,1.43
77,Dikson,RU,2021-11-01 00:31:28,73.5069,80.5464,5.72,94,97,11.14
78,Pinawa,CA,2021-11-01 00:31:29,50.1489,-95.8811,33.04,96,100,9.78
79,Pisco,PE,2021-11-01 00:31:29,-13.7,-76.2167,62.65,82,0,16.11
80,Ponta Do Sol,PT,2021-11-01 00:31:30,32.6667,-17.1,74.01,76,60,3.13
81,Tiznit,MA,2021-11-01 00:31:30,29.5833,-9.5,63.3,40,0,1.32
82,Cherskiy,RU,2021-11-01 00:30:03,68.75,161.3,-0.06,97,100,5.79
83,Sanaur,IN,2021-11-01 00:31:31,30.3025,76.4553,61.9,64,0,7.54
84,Hithadhoo,MV,2021-11-01 00:31:31,-0.6,73.0833,81.81,77,100,19.64
85,Castro,BR,2021-11-01 00:29:49,-24.7911,-50.0119,58.91,98,99,7.23
86,Beloha,MG,2021-11-01 00:31:32,-25.1667,45.05,71.28,77,84,4.34
87,Namatanai,PG,2021-11-01 00:31:33,-3.6667,152.4333,85.19,68,80,9.71
88,Paracuru,BR,2021-11-01 00:31:33,-3.41,-39.0306,81.1,79,25,11.83
89,Praia,CV,2021-11-01 00:31:34,14.9215,-23.5087,77.54,94,75,11.5
90,Esperance,AU,2021-11-01 00:25:50,-33.8667,121.9,73.24,47,100,11.43
91,Dalby,AU,2021-11-01 00:31:34,-27.1833,151.2667,72.99,37,54,3.0
92,Ayan,RU,2021-11-01 00:31:35,56.45,138.1667,25.36,38,22,3.15
93,San Cristobal,VE,2021-11-01 00:31:35,7.7669,-72.225,69.98,98,99,0.94
94,Nikolskoye,RU,2021-11-01 00:31:36,59.7035,30.7861,48.02,88,98,6.8
95,Hasaki,JP,2021-11-01 00:31:36,35.7333,140.8333,63.28,73,100,5.7
96,Savannah Bight,HN,2021-11-01 00:31:37,16.45,-85.85,78.85,60,81,9.66
97,Kapaa,US,2021-11-01 00:31:37,22.0752,-159.319,82.38,77,1,1.99
98,Diffa,NE,2021-11-01 00:31:38,13.3154,12.6113,80.82,22,100,10.29
99,Ipixuna,BR,2021-11-01 00:31:38,-1.7625,-48.8043,80.55,94,99,3.78
100,Inhambane,MZ,2021-11-01 00:31:39,-23.865,35.3833,68.41,85,0,0.54
101,Tiksi,RU,2021-11-01 00:31:39,71.6872,128.8694,11.88,83,100,11.36
102,Tautira,PF,2021-11-01 00:31:40,-17.7333,-149.15,84.22,73,18,13.49
103,Saint George,US,2021-11-01 00:31:40,37.1041,-113.5841,74.95,30,1,1.01
104,Bessonovka,RU,2021-11-01 00:31:41,53.3097,45.0407,46.98,46,6,6.6
105,Sweetwater,US,2021-11-01 00:31:42,25.7634,-80.3731,79.02,73,1,5.75
106,Severo-Kurilsk,RU,2021-11-01 00:31:42,50.6789,156.125,36.05,58,80,25.23
107,Port Lincoln,AU,2021-11-01 00:29:55,-34.7333,135.8667,70.66,41,0,8.01
108,De-Kastri,RU,2021-11-01 00:31:43,51.4667,140.7833,32.63,43,0,2.01
109,Mattoon,US,2021-11-01 00:31:43,39.4831,-88.3728,48.0,81,1,3.44
110,Maldonado,UY,2021-11-01 00:31:44,-34.6667,-54.9167,63.79,98,100,5.77
111,Napier,NZ,2021-11-01 00:31:44,-39.4833,176.9167,62.28,72,36,8.01
112,Raudeberg,NO,2021-11-01 00:31:45,61.9875,5.1352,49.87,62,100,3.0
113,Kenscoff,HT,2021-11-01 00:31:45,18.4506,-72.2869,68.14,65,14,2.3
114,Bethel,US,2021-11-01 00:31:46,41.3712,-73.414,57.81,87,75,3.0
115,Coahuayana,MX,2021-11-01 00:31:46,18.7333,-103.6833,77.59,81,21,0.51
116,Port Hardy,CA,2021-11-01 00:31:47,50.6996,-127.4199,51.98,50,1,13.8
117,Morehead,US,2021-11-01 00:31:47,37.2711,-87.1764,54.0,85,1,1.99
118,Adamantina,BR,2021-11-01 00:28:30,-21.6853,-51.0725,67.75,86,69,8.25
119,Jega,NG,2021-11-01 00:31:48,12.2175,4.3792,76.3,22,5,6.26
120,Pahalgam,IN,2021-11-01 00:31:48,34.0333,75.3333,35.92,68,100,6.11
121,Lamar,US,2021-11-01 00:31:49,33.6668,-95.5836,67.91,57,1,4.61
122,San Ignacio,BZ,2021-11-01 00:31:49,17.1561,-89.0714,72.09,86,13,4.32
123,Leirvik,NO,2021-11-01 00:26:52,59.7798,5.5005,51.85,67,100,27.07
124,Nanortalik,GL,2021-11-01 00:31:50,60.1432,-45.2371,33.85,68,92,9.78
125,Andra,RU,2021-11-01 00:31:50,62.5147,65.8878,12.96,78,100,6.8
126,Nimaparha,IN,2021-11-01 00:31:51,20.0667,86.0167,73.8,84,57,5.19
127,Pontalina,BR,2021-11-01 00:31:52,-17.525,-49.4472,70.84,84,100,3.91
128,Hovd,MN,2021-11-01 00:31:52,48.0056,91.6419,34.03,31,1,17.02
129,Roald,NO,2021-11-01 00:31:52,62.5833,6.1333,50.32,71,75,5.75
130,Tuktoyaktuk,CA,2021-11-01 00:31:53,69.4541,-133.0374,30.2,74,75,14.97
131,Tessalit,ML,2021-11-01 00:31:53,20.1986,1.0114,81.16,15,1,10.29
132,Delfzijl,NL,2021-11-01 00:31:54,53.33,6.9181,52.02,93,8,5.01
133,Lata,PT,2021-11-01 00:31:54,40.1629,-8.3327,63.05,97,100,3.76
134,Pauini,BR,2021-11-01 00:31:55,-7.7136,-66.9764,76.12,85,92,2.44
135,Oxford,GB,2021-11-01 00:31:55,51.7522,-1.256,50.59,77,88,4.0
136,Souillac,MU,2021-11-01 00:31:56,-20.5167,57.5167,70.36,88,40,5.75
137,Talnakh,RU,2021-11-01 00:31:56,69.4865,88.3972,-13.2,98,81,4.65
138,Muisne,EC,2021-11-01 00:31:57,0.6,-80.0333,76.01,79,68,4.45
139,Cape Town,ZA,2021-11-01 00:31:57,-33.9258,18.4232,64.09,71,40,1.01
140,Muriti,TZ,2021-11-01 00:31:58,-1.9833,32.9167,74.1,68,89,6.51
141,Kodinsk,RU,2021-11-01 00:31:58,58.6881,99.1844,31.6,94,100,7.27
142,Krasnoselkup,RU,2021-11-01 00:31:59,65.7,82.4667,4.75,94,100,12.64
143,Tasiilaq,GL,2021-11-01 00:31:59,65.6145,-37.6368,24.96,58,9,8.23
144,Banda Aceh,ID,2021-11-01 00:32:00,5.5577,95.3222,80.2,77,96,6.35
145,Tsumeb,NA,2021-11-01 00:32:00,-19.2333,17.7167,74.75,10,5,21.12
146,Praia Da Vitoria,PT,2021-11-01 00:32:01,38.7333,-27.0667,70.05,88,75,3.8
147,Yershov,RU,2021-11-01 00:32:01,51.3513,48.2766,41.27,80,6,7.72
148,Moose Factory,CA,2021-11-01 00:32:02,51.2585,-80.6094,39.2,100,90,6.91
149,Yairipok,IN,2021-11-01 00:32:03,24.6667,94.0667,65.12,79,63,1.21
150,Jinxiang,CN,2021-11-01 00:32:03,27.4327,120.6062,67.03,79,100,9.06
151,Alta Floresta,BR,2021-11-01 00:32:04,-9.8756,-56.0861,70.48,99,98,4.34
152,Nara,JP,2021-11-01 00:32:04,34.6851,135.8049,65.97,62,100,1.19
153,Atuona,PF,2021-11-01 00:32:05,-9.8,-139.0333,78.66,73,0,17.36
154,Arraial Do Cabo,BR,2021-11-01 00:32:05,-22.9661,-42.0278,70.05,94,100,21.59
155,Luderitz,NA,2021-11-01 00:32:06,-26.6481,15.1594,61.61,69,100,7.49
156,Samarai,PG,2021-11-01 00:32:06,-10.6167,150.6667,83.75,77,100,14.88
157,Ilo,PE,2021-11-01 00:32:06,-17.6394,-71.3375,63.79,83,3,4.65
158,Pakxan,LA,2021-11-01 00:32:07,18.3778,103.6601,76.1,85,27,3.33
159,Hami,CN,2021-11-01 00:32:07,42.8,93.45,48.6,49,100,2.08
160,Pereira Barreto,BR,2021-11-01 00:32:08,-20.6383,-51.1092,68.65,92,8,9.42
161,Campbell River,CA,2021-11-01 00:29:27,50.0163,-125.2446,45.93,69,1,0.0
162,Hualmay,PE,2021-11-01 00:32:09,-11.0964,-77.6139,64.36,82,8,7.52
163,Riyadh,SA,2021-11-01 00:32:09,24.6877,46.7219,66.34,28,0,3.67
164,Novopavlovka,RU,2021-11-01 00:32:10,51.2172,109.2091,31.06,66,100,2.21
165,Thessalon,CA,2021-11-01 00:32:10,46.2501,-83.5666,45.09,64,81,22.86
166,Marzuq,YE,2021-11-01 00:32:11,14.4,46.4667,66.04,60,5,2.93
167,Sinnamary,GF,2021-11-01 00:32:11,5.3833,-52.95,78.64,85,34,8.55
168,Kodiak,US,2021-11-01 00:25:48,57.79,-152.4072,42.28,92,100,9.93
169,Chokurdakh,RU,2021-11-01 00:29:52,70.6333,147.9167,-10.97,100,99,6.55
170,Shimoda,JP,2021-11-01 00:32:12,34.6667,138.95,64.76,72,100,9.1
171,Westport,US,2021-11-01 00:32:09,41.1415,-73.3579,60.98,89,40,7.0
172,Atar,MR,2021-11-01 00:32:13,20.5169,-13.0499,80.6,20,0,5.17
173,Pasighat,IN,2021-11-01 00:32:13,28.0667,95.3333,66.83,69,23,4.72
174,Iqaluit,CA,2021-11-01 00:29:51,63.7506,-68.5145,29.93,86,90,8.99
175,Erzin,TR,2021-11-01 00:29:50,36.9559,36.2,61.32,63,70,9.53
176,Mahebourg,MU,2021-11-01 00:32:14,-20.4081,57.7,70.25,88,40,5.75
177,Nantucket,US,2021-11-01 00:32:15,41.2835,-70.0995,60.91,85,1,13.8
178,Saint-Philippe,RE,2021-11-01 00:32:15,-21.3585,55.7679,68.22,86,74,11.05
179,Dicabisagan,PH,2021-11-01 00:32:16,17.0818,122.4157,80.28,75,98,8.63
180,Kavieng,PG,2021-11-01 00:32:16,-2.5744,150.7967,85.95,63,46,14.9
181,Florida,US,2021-11-01 00:32:17,28.7505,-82.5001,66.02,86,0,5.99
182,Cidreira,BR,2021-11-01 00:32:17,-30.1811,-50.2056,67.87,88,9,21.27
183,Ankazoabo,MG,2021-11-01 00:32:18,-22.2833,44.5167,64.2,84,8,3.2
184,Gao,ML,2021-11-01 00:32:18,16.6362,1.637,82.35,15,12,10.2
185,Dingle,PH,2021-11-01 00:32:19,10.9995,122.6711,82.22,79,94,14.12
186,Hilo,US,2021-11-01 00:29:53,19.7297,-155.09,82.13,72,40,8.05
187,Saldanha,ZA,2021-11-01 00:32:19,-33.0117,17.9442,62.65,76,100,11.32
188,Asau,RO,2021-11-01 00:32:20,46.4333,26.4,43.72,89,0,4.0
189,Mecca,SA,2021-11-01 00:29:48,21.4267,39.8261,78.73,61,0,1.59
190,Richards Bay,ZA,2021-11-01 00:32:20,-28.783,32.0377,63.45,91,100,5.91
191,Ilebo,CD,2021-11-01 00:32:21,-4.3167,20.5833,69.01,99,100,2.53
192,Fort Nelson,CA,2021-11-01 00:28:48,58.8053,-122.7002,29.79,59,40,0.0
193,Newport,GB,2021-11-01 00:29:30,51.5877,-2.9984,52.61,86,72,29.33
194,Mujiayingzi,CN,2021-11-01 00:32:22,42.1167,118.7833,39.27,71,9,3.02
195,Beringovskiy,RU,2021-11-01 00:32:22,63.05,179.3167,6.82,89,73,12.64
196,Torbay,CA,2021-11-01 00:27:18,47.6666,-52.7314,45.57,93,90,19.57
197,Hamilton,US,2021-11-01 00:30:18,39.1834,-84.5333,58.98,76,90,1.01
198,Gat,IL,2021-11-01 00:28:45,31.61,34.7642,81.28,42,72,8.5
199,Riohacha,CO,2021-11-01 00:32:23,11.5444,-72.9072,77.49,87,98,5.66
200,Virginia Beach,US,2021-11-01 00:32:23,36.8529,-75.978,65.01,83,40,5.75
201,Minab,IR,2021-11-01 00:32:24,27.1467,57.0801,76.5,23,0,5.41
202,Ukiah,US,2021-11-01 00:32:24,39.1502,-123.2078,60.87,75,90,8.05
203,La Libertad,EC,2021-11-01 00:32:25,-2.2333,-80.9,71.17,82,100,7.76
204,Bara,NG,2021-11-01 00:32:25,10.3744,10.7288,74.84,30,98,2.19
205,Ambon,ID,2021-11-01 00:32:26,-3.6954,128.1814,84.34,79,20,1.14
206,Avarua,CK,2021-11-01 00:32:26,-21.2078,-159.775,77.05,69,40,14.97
207,Ozinki,RU,2021-11-01 00:32:27,51.1786,49.6769,41.43,81,0,9.04
208,Pangnirtung,CA,2021-11-01 00:32:27,66.1451,-65.7125,27.19,97,100,4.18
209,Korla,CN,2021-11-01 00:32:28,41.7597,86.1469,45.05,31,8,3.83
210,Provideniya,RU,2021-11-01 00:32:28,64.3833,-173.3,19.51,58,0,15.66
211,Yulara,AU,2021-11-01 00:32:29,-25.2406,130.9889,75.04,60,0,8.05
212,Vanavara,RU,2021-11-01 00:28:33,60.34,102.2797,22.69,92,100,4.99
213,Kismayo,SO,2021-11-01 00:32:30,-0.3582,42.5454,78.22,81,5,13.91
214,Todos Santos,MX,2021-11-01 00:32:30,23.45,-110.2167,81.19,83,6,6.73
215,Rawson,AR,2021-11-01 00:32:31,-43.3002,-65.1023,47.5,74,33,12.46
216,Mar Del Plata,AR,2021-11-01 00:32:31,-38.0023,-57.5575,55.99,86,90,1.01
217,Kavaratti,IN,2021-11-01 00:32:32,10.5669,72.642,81.1,79,81,6.87
218,Kayes,ML,2021-11-01 00:32:32,14.0,-11.0,83.32,44,17,2.89
219,Opuwo,NA,2021-11-01 00:32:33,-18.0607,13.84,65.55,20,0,5.64
220,Santa Cruz,BO,2021-11-01 00:32:33,-17.8,-63.1667,83.66,70,75,5.75
221,La Ronge,CA,2021-11-01 00:32:34,55.1001,-105.2842,32.25,64,90,6.91
222,Bengkulu,ID,2021-11-01 00:32:34,-3.8004,102.2655,78.3,82,100,3.47
223,Finschhafen,PG,2021-11-01 00:32:35,-6.6024,147.8681,84.49,70,100,10.76
224,Palmer,US,2021-11-01 00:29:51,42.1584,-72.3287,57.54,84,75,4.61
225,Kahului,US,2021-11-01 00:29:45,20.8947,-156.47,87.06,64,40,10.36
226,Fiche,ET,2021-11-01 00:32:36,9.8,38.7333,44.94,84,6,3.6
227,Chapais,CA,2021-11-01 00:32:36,49.7834,-74.8492,40.78,99,100,1.77
228,Batagay-Alyta,RU,2021-11-01 00:32:37,67.8006,130.4114,2.97,87,100,3.83
229,San Carlos De Bariloche,AR,2021-11-01 00:32:37,-41.1456,-71.3082,55.15,35,75,9.22
230,Samus,RU,2021-11-01 00:32:38,56.7475,84.6992,21.24,85,89,7.43
231,Taoudenni,ML,2021-11-01 00:32:38,22.6783,-3.9836,78.98,19,0,11.48
232,Shubarshi,KZ,2021-11-01 00:32:39,48.5872,57.1869,39.49,64,13,8.28
233,Buala,SB,2021-11-01 00:32:39,-8.145,159.5921,83.32,74,73,5.12
234,Kristiinankaupunki,FI,2021-11-01 00:32:40,62.2743,21.376,46.04,93,5,13.06
235,Tevriz,RU,2021-11-01 00:32:40,57.509,72.4042,22.89,95,100,5.19
236,Seevetal,DE,2021-11-01 00:32:41,53.4,9.9667,61.09,84,90,12.66
237,San Ramon,US,2021-11-01 00:31:37,37.7799,-121.978,65.14,68,1,1.99
238,Sao Joao Dos Patos,BR,2021-11-01 00:32:42,-6.495,-43.7022,75.63,64,70,4.63
239,Kanniyakumari,IN,2021-11-01 00:32:42,8.0833,77.5667,78.39,83,100,4.38
240,Khatanga,RU,2021-11-01 00:32:42,71.9667,102.5,5.4,96,100,11.9
241,Raymond,US,2021-11-01 00:32:43,43.9015,-70.4703,57.6,85,100,10.13
242,Champerico,GT,2021-11-01 00:32:44,14.3,-91.9167,81.36,82,100,2.35
243,Berdigestyakh,RU,2021-11-01 00:32:44,62.0989,126.6992,16.36,92,100,4.25
244,Airai,TL,2021-11-01 00:29:46,-8.9266,125.4092,70.84,54,61,1.99
245,Kruisfontein,ZA,2021-11-01 00:32:45,-34.0033,24.7314,61.88,84,100,11.81
246,Faya,SA,2021-11-01 00:32:45,18.3851,42.4509,55.51,55,10,5.79
247,Abonnema,NG,2021-11-01 00:32:46,4.7084,6.7931,76.64,91,100,7.18
248,Hirara,JP,2021-11-01 00:32:46,24.8,125.2833,79.07,65,20,8.05
249,Sechura,PE,2021-11-01 00:32:47,-5.5569,-80.8222,67.84,68,15,13.65
250,Namibe,AO,2021-11-01 00:32:47,-15.1961,12.1522,64.06,78,17,7.87
251,Georgetown,MY,2021-11-01 00:32:05,5.4112,100.3354,79.9,89,20,3.0
252,Leiyang,CN,2021-11-01 00:32:48,26.4024,112.8591,60.12,97,100,3.15
253,Coihaique,CL,2021-11-01 00:32:49,-45.5752,-72.0662,58.95,47,0,5.75
254,Indramayu,ID,2021-11-01 00:32:49,-6.3264,108.32,84.13,67,69,3.38
255,Nishihara,JP,2021-11-01 00:32:49,26.1842,127.7558,76.28,77,75,5.75
256,Port Augusta,AU,2021-11-01 00:32:50,-32.5,137.7667,77.14,16,100,5.53
257,Aksu,CN,2021-11-01 00:32:51,41.1231,80.2644,42.31,33,0,3.38
258,Erenhot,CN,2021-11-01 00:32:51,43.6475,111.9767,34.5,52,0,6.62
259,Piacabucu,BR,2021-11-01 00:28:55,-10.4056,-36.4344,77.02,79,92,9.04
260,Ternate,ID,2021-11-01 00:32:52,0.8,127.4,83.44,72,96,1.19
261,Najran,SA,2021-11-01 00:32:52,17.4924,44.1277,61.45,49,0,2.57
262,Balabac,PH,2021-11-01 00:32:53,7.9868,117.0645,83.1,78,100,19.86
263,Chuy,UY,2021-11-01 00:32:53,-33.6971,-53.4616,63.7,97,95,8.01
264,Calabar,NG,2021-11-01 00:32:54,4.9517,8.322,75.02,94,100,3.49
265,Fuzhou,CN,2021-11-01 00:32:54,26.0614,119.3061,64.29,95,100,3.2
266,Okhotsk,RU,2021-11-01 00:32:55,59.3833,143.3,10.81,65,15,14.88
267,Lagoa,PT,2021-11-01 00:32:55,39.05,-27.9833,68.16,92,100,9.4
268,Kot Addu,PK,2021-11-01 00:32:56,30.4692,70.9671,64.26,25,0,9.98
269,Asosa,ET,2021-11-01 00:32:56,10.0667,34.5333,61.02,59,5,5.88
270,Margate,GB,2021-11-01 00:32:56,51.3813,1.3862,51.91,77,100,3.0
271,Byron Bay,AU,2021-11-01 00:32:57,-28.65,153.6167,75.31,49,100,7.99
272,Bourail,NC,2021-11-01 00:32:57,-21.5667,165.4833,78.48,57,45,11.79
273,Upata,VE,2021-11-01 00:32:58,8.0086,-62.3989,71.29,90,98,3.15
274,Torres,BR,2021-11-01 00:29:40,-29.3353,-49.7269,70.83,87,86,11.92
275,Porangatu,BR,2021-11-01 00:32:59,-13.4408,-49.1486,73.09,85,84,2.68
276,Amapa,BR,2021-11-01 00:32:59,1.0,-52.0,71.73,99,100,1.95
277,Vila Velha,BR,2021-11-01 00:33:00,-20.3297,-40.2925,71.55,94,90,3.44
278,Orlik,RU,2021-11-01 00:33:00,52.5178,99.825,26.01,89,100,2.37
279,Irbeyskoye,RU,2021-11-01 00:33:01,55.6428,95.4522,35.73,73,91,14.29
280,Paragominas,BR,2021-11-01 00:33:01,-2.9667,-47.4833,73.24,96,98,3.56
281,Ostrovnoy,RU,2021-11-01 00:33:02,68.0531,39.5131,33.55,88,100,16.69
282,Turayf,SA,2021-11-01 00:33:02,31.6725,38.6637,66.45,59,75,16.11
283,Rovinj,HR,2021-11-01 00:33:02,45.08,13.64,54.28,88,87,2.66
284,Kiruna,SE,2021-11-01 00:33:03,67.8557,20.2251,29.32,100,90,0.0
285,Inirida,CO,2021-11-01 00:33:03,3.8653,-67.9239,74.64,96,100,2.93
286,Nayoro,JP,2021-11-01 00:33:04,44.3506,142.4578,44.06,88,100,7.0
287,Dodoma,TZ,2021-11-01 00:33:05,-6.1722,35.7395,68.9,75,31,6.67
288,Portland,US,2021-11-01 00:29:33,45.5234,-122.6762,61.43,42,20,1.01
289,Angoram,PG,2021-11-01 00:33:06,-4.0625,144.0661,78.78,95,100,3.04
290,Altay,CN,2021-11-01 00:33:06,47.8667,88.1167,32.02,95,100,8.61
291,Axim,GH,2021-11-01 00:33:06,4.8699,-2.2405,77.7,86,100,10.4
292,Verkhoyansk,RU,2021-11-01 00:33:07,67.5447,133.385,3.27,85,100,4.68
293,Manoel Urbano,BR,2021-11-01 00:33:07,-8.8389,-69.2597,82.6,62,100,4.14
294,Maridi,SS,2021-11-01 00:33:08,4.9158,29.4742,67.68,85,100,0.94
295,Kholm-Zhirkovskiy,RU,2021-11-01 00:33:08,55.5189,33.4731,36.81,86,0,7.38
296,Kongwa,TZ,2021-11-01 00:33:09,-6.2,36.4167,66.16,85,16,3.98
297,Anaconda,US,2021-11-01 00:33:10,46.1285,-112.9423,31.19,70,0,1.52
298,Norman Wells,CA,2021-11-01 00:29:54,65.282,-126.8329,23.04,93,75,0.0
299,Mach,PK,2021-11-01 00:33:10,29.8637,67.3298,60.85,29,0,11.54
300,Paamiut,GL,2021-11-01 00:33:11,61.994,-49.6678,31.53,72,99,8.14
301,Pangai,TO,2021-11-01 00:33:11,-19.8,-174.35,82.51,57,20,13.8
302,Mount Gambier,AU,2021-11-01 00:33:12,-37.8333,140.7667,64.31,48,5,6.91
303,Kasongo-Lunda,CD,2021-11-01 00:33:12,-6.4667,16.8167,69.44,99,100,1.7
304,Nisia Floresta,BR,2021-11-01 00:33:12,-6.0911,-35.2086,81.41,80,91,9.1
305,Bekhtery,UA,2021-11-01 00:33:13,46.251,32.2927,45.48,93,0,6.49
306,Beni Mazar,EG,2021-11-01 00:33:13,28.4962,30.8029,73.27,38,100,4.09
307,Pemangkat,ID,2021-11-01 00:33:14,1.1667,108.9667,81.45,80,94,4.85
308,Ypsonas,CY,2021-11-01 00:33:15,34.6884,32.9574,72.57,68,0,19.57
309,Cotacachi,EC,2021-11-01 00:33:15,0.3,-78.2667,54.95,97,100,1.88
310,Torbat-E Jam,IR,2021-11-01 00:33:16,35.244,60.6225,45.84,46,5,7.07
311,Carnarvon,AU,2021-11-01 00:33:16,-24.8667,113.6333,69.87,56,40,18.41
312,Port-Gentil,GA,2021-11-01 00:33:16,-0.7193,8.7815,78.3,87,100,15.32
313,Fortuna,US,2021-11-01 00:33:17,40.5982,-124.1573,62.65,67,75,4.0
314,Agirish,RU,2021-11-01 00:33:18,61.9247,63.0231,17.1,93,100,8.05
315,Mogadishu,SO,2021-11-01 00:32:37,2.0371,45.3438,78.67,80,2,13.47
316,Te Anau,NZ,2021-11-01 00:33:18,-45.4167,167.7167,54.48,69,100,7.74
317,Mackay,AU,2021-11-01 00:33:19,-21.15,149.2,80.58,74,75,21.85
318,Champasak,LA,2021-11-01 00:33:19,14.75,106.0,76.08,91,69,0.94
319,Mareeba,AU,2021-11-01 00:33:20,-17.0,145.4333,87.44,59,48,11.59
320,Necochea,AR,2021-11-01 00:33:20,-38.5473,-58.7368,51.04,78,100,8.08
321,Vestmannaeyjar,IS,2021-11-01 00:29:59,63.4427,-20.2734,38.17,68,29,25.64
322,Pasto,CO,2021-11-01 00:33:21,1.2136,-77.2811,53.44,98,100,1.48
323,Asfi,MA,2021-11-01 00:29:39,32.2994,-9.2372,65.77,88,45,6.13
324,Zamora,EC,2021-11-01 00:33:21,-4.0692,-78.9567,68.31,98,99,2.37
325,Catamarca,AR,2021-11-01 00:33:22,-28.4696,-65.7852,69.04,80,100,3.0
326,Makakilo City,US,2021-11-01 00:33:22,21.3469,-158.0858,80.92,63,90,8.05
327,Sumbe,AO,2021-11-01 00:33:23,-11.2061,13.8437,73.96,88,100,4.0
328,Acapulco,MX,2021-11-01 00:31:08,16.8634,-99.8901,82.22,78,75,3.44
329,Saskylakh,RU,2021-11-01 00:33:24,71.9167,114.0833,4.59,97,99,6.82
330,Alyangula,AU,2021-11-01 00:33:24,-13.8483,136.4192,89.47,62,50,12.66
331,Hambantota,LK,2021-11-01 00:33:25,6.1241,81.1185,75.54,100,40,0.0
332,Tuatapere,NZ,2021-11-01 00:33:25,-46.1333,167.6833,55.31,70,97,10.65
333,Leshukonskoye,RU,2021-11-01 00:33:08,64.8989,45.7622,20.43,95,85,5.17
334,Pirajui,BR,2021-11-01 00:33:26,-21.9986,-49.4572,71.11,91,100,6.44
335,Sri Aman,MY,2021-11-01 00:33:26,1.2376,111.4621,78.85,94,20,3.44
336,San Juan,AR,2021-11-01 00:28:45,-31.5375,-68.5364,60.35,60,100,12.35
337,Tearce,MK,2021-11-01 00:33:27,42.0744,21.0525,41.67,80,1,2.39
338,Vicuna,CL,2021-11-01 00:33:27,-30.0319,-70.7081,72.77,60,100,1.61
339,Casablanca,MA,2021-11-01 00:33:28,33.5928,-7.6192,68.32,93,100,4.0
340,Hohhot,CN,2021-11-01 00:33:28,40.8106,111.6522,26.89,74,0,4.47
341,Huntington,US,2021-11-01 00:29:25,38.4193,-82.4452,56.3,87,75,5.75
342,Aquiraz,BR,2021-11-01 00:33:29,-3.9014,-38.3911,81.18,81,47,12.1
343,Port Blair,IN,2021-11-01 00:33:29,11.6667,92.75,81.73,78,54,4.29
344,Dengzhou,CN,2021-11-01 00:33:30,37.8086,120.7508,52.84,60,3,15.59
345,Egvekinot,RU,2021-11-01 00:33:30,66.3167,-179.1667,-0.02,83,94,6.15
346,Kibala,TD,2021-11-01 00:33:31,9.1104,18.3463,76.95,83,0,0.0
347,Abu Samrah,SY,2021-11-01 00:33:31,35.3029,37.1841,65.57,59,3,8.37
348,Sitka,US,2021-11-01 00:33:31,57.0531,-135.33,53.49,37,75,10.36
349,Burgos,ES,2021-11-01 00:33:32,42.3394,-3.7079,50.41,100,90,12.66
350,Carutapera,BR,2021-11-01 00:33:32,-1.195,-46.02,77.63,88,88,6.8
351,Hukuntsi,BW,2021-11-01 00:33:33,-24.0,21.75,72.25,23,0,7.74
352,Scarborough,GB,2021-11-01 00:33:33,54.2797,-0.4044,50.54,82,100,8.01
353,Makinsk,KZ,2021-11-01 00:33:34,52.6292,70.4169,31.17,97,100,13.53
354,Kudat,MY,2021-11-01 00:33:34,6.8837,116.8477,78.73,94,40,4.61
355,Broome,US,2021-11-01 00:33:35,42.2506,-75.833,53.71,79,90,1.01
356,Daru,PG,2021-11-01 00:29:33,-9.0763,143.2092,82.4,84,99,15.23
357,Ardakan,IR,2021-11-01 00:33:35,32.31,54.0175,61.18,39,0,4.74
358,Naze,JP,2021-11-01 00:33:36,28.3667,129.4833,67.12,75,17,15.41
359,Kiunga,PG,2021-11-01 00:33:36,-6.1219,141.2906,81.73,86,82,0.78
360,Lubao,PH,2021-11-01 00:33:37,14.9167,120.55,82.15,72,70,11.43
361,Juneau,US,2021-11-01 00:30:36,58.3019,-134.4197,42.85,95,90,0.0
362,Kyzyl-Suu,KG,2021-11-01 00:33:37,42.3414,78.0056,32.81,58,45,8.43
363,Karasjok,NO,2021-11-01 00:33:38,69.4719,25.5112,26.71,96,100,3.74
364,Clyde River,CA,2021-11-01 00:33:38,70.4692,-68.5914,19.15,85,100,7.43
365,Carauari,BR,2021-11-01 00:33:39,-4.8828,-66.8958,75.49,94,51,1.21
366,Salalah,OM,2021-11-01 00:27:40,17.0151,54.0924,71.69,60,0,4.61
367,Auki,SB,2021-11-01 00:33:40,-8.7676,160.7034,82.0,79,100,6.73
368,Labuhan,ID,2021-11-01 00:33:40,-6.8844,112.2051,84.87,67,100,3.11
369,Sattenapalle,IN,2021-11-01 00:33:41,16.4,80.1833,78.19,96,67,4.0
370,Dolores,AR,2021-11-01 00:30:01,-36.3132,-57.6792,53.82,81,100,8.48
371,Savinka,RU,2021-11-01 00:33:41,50.0785,47.0994,41.22,61,0,7.31
372,Ulaangom,MN,2021-11-01 00:33:42,49.9811,92.0667,32.95,55,94,5.73
373,Barcelos,PT,2021-11-01 00:33:42,41.5388,-8.6151,59.14,92,100,6.26
374,Santa Cruz Del Norte,CU,2021-11-01 00:33:43,23.1539,-81.9236,74.01,68,40,7.58
375,Kautokeino,NO,2021-11-01 00:29:16,69.0125,23.0412,29.37,98,100,6.26
376,Merthyr Tydfil,GB,2021-11-01 00:33:44,51.7479,-3.3778,50.81,90,87,24.49
377,Perth,AU,2021-11-01 00:29:31,-31.9333,115.8333,64.78,59,75,20.71
378,Jand,PK,2021-11-01 00:33:44,33.4299,72.0193,63.59,36,2,4.94
379,Le Vauclin,MQ,2021-11-01 00:33:45,14.5452,-60.8388,77.05,83,20,1.14
380,Yerbogachen,RU,2021-11-01 00:33:45,61.2767,108.0108,18.77,85,100,3.87
381,Bubaque,GW,2021-11-01 00:33:46,11.2833,-15.8333,82.87,75,82,10.45
382,Surab,PK,2021-11-01 00:33:46,28.4914,66.2585,47.64,40,0,7.23
383,Shiyan,CN,2021-11-01 00:33:47,32.6475,110.7781,58.84,69,100,7.81
384,Kaeo,NZ,2021-11-01 00:33:47,-35.1,173.7833,62.73,60,98,6.04
385,Tongliao,CN,2021-11-01 00:33:48,43.6125,122.2653,36.41,23,0,5.55
386,Grand-Santi,GF,2021-11-01 00:33:48,4.25,-54.3833,72.99,98,70,2.53
387,Lompoc,US,2021-11-01 00:33:48,34.6391,-120.4579,68.14,76,1,8.05
388,Lorengau,PG,2021-11-01 00:33:49,-2.0226,147.2712,81.01,85,100,11.7
389,Los Llanos De Aridane,ES,2021-11-01 00:33:49,28.6585,-17.9182,67.12,42,20,11.99
390,Serebryansk,KZ,2021-11-01 00:33:50,49.6925,83.2892,27.95,95,100,1.74
391,Caninde,BR,2021-11-01 00:33:50,-4.3589,-39.3117,78.17,73,54,2.95
392,Nokha,IN,2021-11-01 00:33:51,27.6,73.4167,70.81,26,0,11.18
393,Qaqortoq,GL,2021-11-01 00:33:51,60.7167,-46.0333,27.1,65,30,6.29
394,Svetlaya,RU,2021-11-01 00:33:52,46.5389,138.3297,41.04,86,100,7.18
395,Touros,BR,2021-11-01 00:33:52,-5.1989,-35.4608,81.5,77,14,14.94
396,Akdepe,TM,2021-11-01 00:33:52,42.0551,59.3788,35.69,42,0,7.56
397,Morondava,MG,2021-11-01 00:33:53,-20.2833,44.2833,69.94,86,73,7.4
398,Chara,RU,2021-11-01 00:33:53,56.9064,118.2631,22.86,70,16,1.5
399,Annau,TM,2021-11-01 00:33:54,37.8876,58.516,45.9,76,6,4.61
400,Olden,NO,2021-11-01 00:33:54,61.8364,6.8064,46.99,82,100,9.75
401,Urucara,BR,2021-11-01 00:33:55,-2.5364,-57.76,76.84,82,21,2.59
402,Mandalgovi,MN,2021-11-01 00:33:55,45.7625,106.2708,33.82,49,100,13.85
403,Corn Island,NI,2021-11-01 00:33:56,12.1694,-83.0418,83.57,74,100,24.56
404,Turinskaya Sloboda,RU,2021-11-01 00:33:57,57.6232,64.3858,37.51,97,100,8.66
405,Tigil,RU,2021-11-01 00:33:57,57.8,158.6667,20.75,84,100,12.5
406,Saryg-Sep,RU,2021-11-01 00:33:57,51.5,95.6,30.9,87,100,2.8
407,Anadyr,RU,2021-11-01 00:33:58,64.75,177.4833,-5.01,76,66,15.01
408,Price,US,2021-11-01 00:33:58,39.5994,-110.8107,61.72,47,75,0.0
409,Sinazongwe,ZM,2021-11-01 00:33:59,-17.2614,27.4618,79.45,49,54,2.53
410,Ahipara,NZ,2021-11-01 00:30:00,-35.1667,173.1667,61.07,66,67,13.44
411,Faanui,PF,2021-11-01 00:33:59,-16.4833,-151.75,78.76,74,95,17.05
412,Fengzhen,CN,2021-11-01 00:34:00,40.4394,113.1536,37.72,53,0,2.68
413,Kirensk,RU,2021-11-01 00:34:00,57.7853,108.1119,31.39,91,100,3.29
414,Merauke,ID,2021-11-01 00:34:01,-8.4667,140.3333,85.41,71,46,10.69
415,Lumphat,KH,2021-11-01 00:34:01,13.4878,106.9816,78.49,79,11,6.82
416,Kaitangata,NZ,2021-11-01 00:34:02,-46.2817,169.8464,64.24,43,84,11.01
417,Melfi,IT,2021-11-01 00:34:02,40.9965,15.6514,58.41,80,100,2.62
418,Prince Rupert,CA,2021-11-01 00:30:35,54.3161,-130.3201,55.09,47,10,14.97
419,Walvis Bay,NA,2021-11-01 00:34:03,-22.9575,14.5053,61.09,87,0,3.44
420,Yushan,CN,2021-11-01 00:34:03,31.3776,120.9543,69.98,55,100,3.71
421,Moussoro,TD,2021-11-01 00:34:04,13.6408,16.4901,84.69,19,91,14.9
422,Rawdon,CA,2021-11-01 00:34:04,46.0501,-73.7159,50.97,92,100,11.48
423,Havoysund,NO,2021-11-01 00:34:05,70.9963,24.6622,38.28,86,93,16.67
424,Nizwa,OM,2021-11-01 00:34:05,22.9333,57.5333,74.89,23,0,7.14
425,Upington,ZA,2021-11-01 00:30:36,-28.4478,21.2561,71.98,37,0,10.36
426,Chinsali,ZM,2021-11-01 00:34:06,-10.5414,32.0816,71.67,55,35,4.56
427,Bam,IR,2021-11-01 00:34:06,29.106,58.357,64.58,34,0,8.75
428,Trairi,BR,2021-11-01 00:30:23,-3.2778,-39.2689,79.95,78,38,10.51
429,Codrington,AU,2021-11-01 00:34:07,-38.2667,141.9667,63.59,61,1,3.56
430,Bambous Virieux,MU,2021-11-01 00:34:07,-20.3428,57.7575,70.21,88,40,5.75
431,Kokopo,PG,2021-11-01 00:34:08,-4.352,152.2633,84.92,66,88,4.5
432,Conde,BR,2021-11-01 00:34:09,-7.2597,-34.9075,78.26,83,20,6.91
433,Ossora,RU,2021-11-01 00:34:09,59.2353,163.0719,10.92,79,13,11.39
434,Vao,NC,2021-11-01 00:34:10,-22.6667,167.4833,72.07,75,34,14.9
435,Tilichiki,RU,2021-11-01 00:34:10,60.4667,166.1,-2.13,90,7,11.77
436,Olafsvik,IS,2021-11-01 00:34:11,64.8945,-23.7142,34.86,71,22,17.31
437,Haimen,CN,2021-11-01 00:34:11,23.1935,116.6142,69.69,68,14,17.13
438,Tshikapa,CD,2021-11-01 00:34:11,-6.4167,20.8,70.34,93,100,1.21
439,Jos,NG,2021-11-01 00:34:12,9.9167,8.9,66.0,33,100,1.88
440,Kuah,MY,2021-11-01 00:34:13,6.3265,99.8432,78.78,94,20,0.0
441,Jumla,NP,2021-11-01 00:34:13,29.2747,82.1838,41.31,60,0,4.14
442,Chippewa Falls,US,2021-11-01 00:34:13,44.9369,-91.3929,42.98,56,40,11.5
443,Sena Madureira,BR,2021-11-01 00:34:14,-9.0656,-68.6569,81.61,60,91,2.93
444,Paita,PE,2021-11-01 00:34:14,-5.0892,-81.1144,65.01,81,7,11.61
445,Kachiry,KZ,2021-11-01 00:34:15,53.0675,76.1036,29.41,73,100,9.62
446,Fairview,US,2021-11-01 00:34:15,40.8126,-73.999,60.42,74,90,4.61
447,Homer,US,2021-11-01 00:34:16,59.6425,-151.5483,49.89,62,75,10.36
448,Guanare,VE,2021-11-01 00:34:16,9.0418,-69.7421,77.02,94,93,2.3
449,Boyolangu,ID,2021-11-01 00:34:17,-8.1181,111.8935,80.74,80,100,4.99
450,Plouzane,FR,2021-11-01 00:34:17,48.3833,-4.6167,51.98,76,75,14.97
451,Dandong,CN,2021-11-01 00:34:17,40.1292,124.3947,45.37,60,0,10.54
452,Payo,ID,2021-11-01 00:34:18,-3.7508,103.6372,76.23,92,100,1.19
453,Derzhavinsk,KZ,2021-11-01 00:34:18,51.1,66.3167,43.57,82,100,16.37
454,Jalu,LY,2021-11-01 00:34:19,29.0331,21.5482,64.99,85,13,7.87
455,Katsuura,JP,2021-11-01 00:29:24,35.1333,140.3,67.1,85,92,6.42
456,Khandyga,RU,2021-11-01 00:34:19,62.6667,135.6,7.95,84,100,4.14
457,Sarankhola,BD,2021-11-01 00:34:20,22.3082,89.7897,68.65,77,15,4.63
458,Maibong,IN,2021-11-01 00:34:21,25.3,93.1667,66.29,75,1,0.78
459,Sawtell,AU,2021-11-01 00:34:21,-30.3833,153.1,71.19,70,90,5.75
460,Amarante Do Maranhao,BR,2021-11-01 00:34:22,-5.5667,-46.7422,76.77,71,100,2.73
461,Beian,NO,2021-11-01 00:34:22,63.6559,9.5683,48.29,71,0,19.57
462,Adrar,MR,2021-11-01 00:34:23,20.5022,-10.0711,82.06,24,50,7.63
463,Tayga,RU,2021-11-01 00:32:13,56.06,85.6197,19.26,84,100,9.95
464,Matamoros,MX,2021-11-01 00:34:23,25.5333,-103.25,84.31,17,40,6.91
465,Grindavik,IS,2021-11-01 00:34:24,63.8424,-22.4338,37.35,80,75,24.16
466,Goderich,CA,2021-11-01 00:30:35,43.7501,-81.7165,51.91,81,100,16.11
467,Pathein,MM,2021-11-01 00:34:25,16.7833,94.7333,77.74,89,100,2.57
468,Kudahuvadhoo,MV,2021-11-01 00:34:25,2.6708,72.8944,83.14,74,16,20.04
469,Wyndham,US,2021-11-01 00:34:26,37.6985,-77.6125,58.98,83,0,8.14
470,Mbekenyera,TZ,2021-11-01 00:34:26,-10.0,38.9833,71.87,84,93,7.81
471,Ataco,CO,2021-11-01 00:34:27,3.5915,-75.3818,74.43,89,99,2.89
472,Analipsis,GR,2021-11-01 00:34:27,35.3167,25.5667,65.1,86,70,5.88
473,Novyy Urengoy,RU,2021-11-01 00:34:28,66.0833,76.6333,-3.33,96,14,9.91
474,Viedma,AR,2021-11-01 00:34:28,-40.8135,-62.9967,50.43,74,100,7.74
475,Tres De Maio,BR,2021-11-01 00:34:29,-27.7733,-54.24,71.31,79,1,6.44
476,Tekkali,IN,2021-11-01 00:34:29,18.6167,84.2333,75.16,85,14,4.85
477,Zalantun,CN,2021-11-01 00:34:30,48.0,122.7167,35.78,25,4,3.06
478,Marsh Harbour,BS,2021-11-01 00:34:30,26.5412,-77.0636,76.82,62,9,6.51
479,Indapur,IN,2021-11-01 00:34:31,18.3,73.25,74.34,68,71,3.11
480,Yining,CN,2021-11-01 00:34:31,29.0361,114.5636,61.65,82,100,1.28
481,Victoria Point,AU,2021-11-01 00:34:31,-27.5833,153.3,76.17,51,100,4.0
482,Daokou,CN,2021-11-01 00:34:32,35.5639,114.5058,53.91,77,45,12.01
483,Bazarnyy Karabulak,RU,2021-11-01 00:34:32,52.2683,46.4144,40.37,84,5,6.67
484,Villa Guerrero,MX,2021-11-01 00:34:33,18.8667,-99.65,67.62,90,100,2.93
485,Harper,LR,2021-11-01 00:34:33,4.375,-7.7169,77.45,87,96,7.9
486,Swift Current,CA,2021-11-01 00:34:34,50.2834,-107.8014,29.21,64,1,9.22
487,Nemuro,JP,2021-11-01 00:34:34,43.3236,145.575,52.23,72,9,10.87
488,Dodge City,US,2021-11-01 00:34:35,37.7528,-100.0171,49.51,60,1,3.0
489,Rabo De Peixe,PT,2021-11-01 00:34:35,37.8,-25.5833,72.28,93,75,10.36
490,Ereymentau,KZ,2021-11-01 00:34:36,51.6199,73.1033,35.24,96,100,13.31
491,Kurilsk,RU,2021-11-01 00:34:36,45.2333,147.8833,41.61,91,100,17.11
492,Caravelas,BR,2021-11-01 00:34:37,-17.7125,-39.2481,75.18,82,36,7.61
493,Pueblo,US,2021-11-01 00:34:37,38.2545,-104.6091,48.9,68,90,1.01
494,Kovur,IN,2021-11-01 00:34:37,14.4833,79.9833,77.54,89,100,4.72
495,Japaratuba,BR,2021-11-01 00:34:38,-10.5933,-36.9403,78.08,88,98,6.22
496,Abancay,PE,2021-11-01 00:34:38,-13.6339,-72.8814,60.58,87,92,3.42
497,Rocha,UY,2021-11-01 00:34:39,-34.4833,-54.3333,61.39,99,89,4.16
498,Birin,NP,2021-11-01 00:34:40,26.8865,88.0718,50.76,78,1,4.23
499,Nuevo Progreso,MX,2021-11-01 00:34:40,23.1667,-97.95,79.59,65,100,1.99
500,Kuala Terengganu,MY,2021-11-01 00:34:41,5.3302,103.1408,78.75,94,20,3.44
501,Hervey Bay,AU,2021-11-01 00:34:41,-25.2986,152.8535,77.11,60,100,16.75
502,Ouadda,CF,2021-11-01 00:34:41,8.0777,22.4007,67.91,67,92,0.54
503,Tulsipur,NP,2021-11-01 00:34:42,28.131,82.2973,59.05,81,17,3.65
504,Riberalta,BO,2021-11-01 00:34:42,-10.9833,-66.1,79.75,64,68,3.51
505,Tagusao,PH,2021-11-01 00:34:43,9.1924,117.8141,82.78,73,100,5.21
506,Takab,IR,2021-11-01 00:34:43,36.4009,47.1133,50.14,68,100,2.06
507,Brigantine,US,2021-11-01 00:34:44,39.4101,-74.3646,61.02,80,20,9.22
508,Mangalagiri,IN,2021-11-01 00:34:44,16.4333,80.55,78.76,96,83,4.65
509,Klaksvik,FO,2021-11-01 00:29:48,62.2266,-6.589,41.92,67,100,6.62
510,Rundu,NA,2021-11-01 00:34:45,-17.9333,19.7667,73.33,49,2,7.56
511,Placido De Castro,BR,2021-11-01 00:34:46,-10.3353,-67.1856,81.43,59,99,2.39
512,Kemijarvi,FI,2021-11-01 00:34:46,66.7131,27.4306,35.26,98,100,7.9
513,Camacha,PT,2021-11-01 00:27:42,33.0833,-16.3333,70.54,88,40,6.91
514,Apiai,BR,2021-11-01 00:34:47,-24.5094,-48.8425,58.57,100,100,2.84
515,Alausi,EC,2021-11-01 00:34:47,-2.2,-78.8333,51.42,92,100,0.49
516,Tual,ID,2021-11-01 00:34:48,-5.6667,132.75,84.24,70,72,5.7
517,Soyo,AO,2021-11-01 00:34:48,-6.1349,12.3689,76.96,86,100,9.28
518,Kindersley,CA,2021-11-01 00:30:35,51.4668,-109.1682,33.58,43,1,11.5
519,Atambua,ID,2021-11-01 00:34:49,-9.1061,124.8925,84.24,57,87,1.52
520,Alexandria,EG,2021-11-01 00:34:49,31.2156,29.9553,69.76,83,40,0.0
521,Balkanabat,TM,2021-11-01 00:34:50,39.5108,54.3671,57.42,48,2,8.88
522,Sistranda,NO,2021-11-01 00:34:50,63.7256,8.834,48.16,73,100,30.49
523,Jaciara,BR,2021-11-01 00:31:19,-15.9653,-54.9683,74.1,84,100,1.86
524,Bonthe,SL,2021-11-01 00:34:51,7.5264,-12.505,75.52,92,100,2.46
525,Yako,BF,2021-11-01 00:34:51,12.9667,-2.2667,82.67,19,90,7.94
526,Dali,CN,2021-11-01 00:34:52,25.7,100.1833,55.89,77,1,2.37
527,Vallenar,CL,2021-11-01 00:34:52,-28.5708,-70.7581,62.13,62,100,2.68
528,Juba,SS,2021-11-01 00:30:14,4.8517,31.5825,73.44,66,35,3.22
529,Zunyi,CN,2021-11-01 00:34:53,27.6867,106.9072,54.01,94,100,3.06
530,Aksarka,RU,2021-11-01 00:34:53,66.5606,67.7975,-1.05,88,78,3.06
531,Cozumel,MX,2021-11-01 00:34:54,20.5083,-86.9458,80.01,67,6,1.99
532,Half Moon Bay,US,2021-11-01 00:30:36,37.4636,-122.4286,65.82,74,20,1.01
533,Amuntai,ID,2021-11-01 00:34:54,-2.4177,115.2494,80.6,78,94,1.81
534,Haines Junction,CA,2021-11-01 00:34:55,60.7522,-137.5108,40.95,42,99,3.44
535,Itapira,BR,2021-11-01 00:34:55,-22.4361,-46.8217,62.49,95,100,3.29
536,Avera,US,2021-11-01 00:29:56,33.194,-82.5271,60.67,72,9,7.09
537,Fairbanks,US,2021-11-01 00:33:33,64.8378,-147.7164,46.36,48,90,8.05
538,Sioux Lookout,CA,2021-11-01 00:34:56,50.1001,-91.917,34.18,93,90,5.75
539,Bilma,NE,2021-11-01 00:34:57,18.6853,12.9164,76.87,23,6,12.03
540,Pestravka,RU,2021-11-01 00:34:57,52.405,49.9583,42.13,85,12,8.34
541,Guerrero Negro,MX,2021-11-01 00:34:58,27.9769,-114.0611,65.16,81,1,11.83
542,Kamenka,RU,2021-11-01 00:34:58,51.3223,42.7678,39.7,66,0,6.13
543,Nautla,MX,2021-11-01 00:34:58,20.2167,-96.7833,76.98,75,20,10.76
544,Vila Franca Do Campo,PT,2021-11-01 00:34:59,37.7167,-25.4333,73.2,94,99,8.21
545,Iisalmi,FI,2021-11-01 00:35:00,63.5592,27.1907,44.62,95,100,7.25
546,Lasa,IT,2021-11-01 00:35:00,46.6166,10.7002,50.74,98,100,3.83
547,Mosquera,CO,2021-11-01 00:35:00,4.7059,-74.2302,57.29,82,75,6.91
548,Syke,DE,2021-11-01 00:35:01,52.9,8.8333,58.21,82,20,11.5
549,Dori,BF,2021-11-01 00:35:01,14.0354,-0.0345,85.64,15,100,5.95
550,Dogondoutchi,NE,2021-11-01 00:35:02,13.6393,4.0287,84.42,15,100,8.19
551,Kangaatsiaq,GL,2021-11-01 00:35:03,68.3065,-53.4641,35.44,79,100,20.07
552,Arinos,BR,2021-11-01 00:35:04,-15.9169,-46.1056,71.17,84,99,1.9
553,Nueva Rosita,MX,2021-11-01 00:35:04,27.95,-101.2167,76.1,44,0,10.13
554,Bereda,ES,2021-11-01 00:35:05,43.2686,-7.5406,54.41,94,97,4.97
555,Marsa Matruh,EG,2021-11-01 00:35:06,31.3525,27.2453,68.2,56,0,10.36
556,Nioro,GM,2021-11-01 00:35:06,13.35,-15.75,76.23,73,78,5.03
557,Katherine,AU,2021-11-01 00:35:07,-14.4667,132.2667,84.52,45,96,9.22
558,Pangody,RU,2021-11-01 00:35:07,65.85,74.4859,-1.82,100,81,6.29
559,Biak,ID,2021-11-01 00:35:08,-0.9131,122.8766,82.89,68,37,1.61
560,The Valley,AI,2021-11-01 00:35:08,18.217,-63.0578,82.09,68,0,13.62
561,Kenora,CA,2021-11-01 00:35:09,49.8167,-94.4337,35.58,93,90,11.5
562,Sambava,MG,2021-11-01 00:35:09,-14.2667,50.1667,73.02,91,53,5.28
563,Nador,MA,2021-11-01 00:35:10,35.174,-2.9287,68.25,77,0,8.05
564,Appingedam,NL,2021-11-01 00:35:10,53.3217,6.8583,52.0,80,8,5.01
565,Xining,CN,2021-11-01 00:32:26,36.6167,101.7667,36.3,84,99,2.8
566,Nouadhibou,MR,2021-11-01 00:29:57,20.931,-17.0347,66.18,94,12,11.5
567,Kitaotao,PH,2021-11-01 00:35:11,7.6397,125.0089,81.05,72,41,1.5
568,Rio Gallegos,AR,2021-11-01 00:35:11,-51.6226,-69.2181,51.85,43,0,31.07
569,Porto Novo,BJ,2021-11-01 00:35:12,6.4965,2.6036,75.02,87,100,9.04
570,Taltal,CL,2021-11-01 00:35:12,-25.4,-70.4833,61.63,80,0,6.15
571,Pacific Grove,US,2021-11-01 00:35:13,36.6177,-121.9166,64.02,77,40,1.01
572,Barreiras,BR,2021-11-01 00:35:13,-12.1528,-44.99,78.62,52,100,1.25
573,Isangel,VU,2021-11-01 00:29:50,-19.55,169.2667,79.21,70,53,13.31
574,Lobito,AO,2021-11-01 00:35:14,-12.3481,13.5456,73.24,80,94,3.69
575,Rorvik,NO,2021-11-01 00:35:14,64.8621,11.2373,47.21,83,93,13.38
576,Zakamensk,RU,2021-11-01 00:35:15,50.3741,103.2863,30.13,65,97,2.19
577,South Venice,US,2021-11-01 00:35:15,27.0531,-82.4243,72.0,78,1,6.91
578,Watsa,CD,2021-11-01 00:35:16,3.0372,29.5355,66.07,90,100,1.59
579,Porto San Giorgio,IT,2021-11-01 00:35:16,43.1827,13.7934,58.86,92,100,4.27
580,Mapiripan,CO,2021-11-01 00:35:17,2.8892,-72.1256,72.97,99,100,2.3
